table	column	kind	owner	editable_after_post	sot	migration_status	documented
acc_accounts	account_kind	RAW	Accounts	yes	acc_accounts	canonical	yes
acc_accounts	account_number	RAW	Accounts	no	acc_accounts	canonical	yes
acc_accounts	bank_name	RAW	Accounts	yes	acc_accounts	canonical	yes
acc_accounts	bank_product_type	STATUS	Accounts	no	acc_accounts	canonical	yes
acc_accounts	branch_name	RAW	Accounts	yes	acc_accounts	canonical	yes
acc_accounts	card_last4	RAW	Accounts	no	acc_accounts	canonical	yes
acc_accounts	card_token	RAW	Accounts	no	acc_accounts	canonical	yes
acc_accounts	created_at	SYSTEM_INDEX	Accounts	yes	acc_accounts	canonical	yes
acc_accounts	currency	RAW	Accounts	yes	acc_accounts	canonical	yes
acc_accounts	current_balance	DERIVED	Accounts	no	acc_accounts	canonical	yes
acc_accounts	external_ref_json	RAW	Accounts	yes	acc_accounts	canonical	yes
acc_accounts	fin_account_id	RAW	Accounts	no	acc_accounts	canonical	yes
acc_accounts	iban	RAW	Accounts	yes	acc_accounts	canonical	yes
acc_accounts	id	RAW	Accounts	yes	acc_accounts	canonical	yes
acc_accounts	is_archived	RAW	Accounts	yes	acc_accounts	canonical	yes
acc_accounts	name	RAW	Accounts	yes	acc_accounts	canonical	yes
acc_accounts	notes	RAW	Accounts	no	acc_accounts	canonical	yes
acc_accounts	reconciliation_status	RAW	Accounts	yes	acc_accounts	canonical	yes
acc_accounts	role	RAW	Accounts	yes	acc_accounts	canonical	yes
acc_accounts	status	RAW	Accounts	yes	acc_accounts	canonical	yes
acc_accounts	updated_at	SYSTEM_INDEX	Accounts	yes	acc_accounts	canonical	yes
acc_transaction_links	id	RAW	Accounts	yes	acc_transaction_links	canonical	yes
acc_transaction_links	related_feature	RAW	Accounts	no	acc_transaction_links	canonical	yes
acc_transaction_links	related_id	RAW	Accounts	no	acc_transaction_links	canonical	yes
acc_transaction_links	transaction_id	RAW	Accounts	yes	acc_transaction_links	canonical	yes
acc_transactions	account_id	RAW	Accounts	yes	acc_transactions	canonical	yes
acc_transactions	amount	RAW	Accounts	no	acc_transactions	canonical	yes
acc_transactions	business_date	RAW	Accounts	yes	acc_transactions	canonical	yes
acc_transactions	created_at	SYSTEM_INDEX	Accounts	yes	acc_transactions	canonical	yes
acc_transactions	currency	RAW	Accounts	yes	acc_transactions	canonical	yes
acc_transactions	direction	RAW	Accounts	yes	acc_transactions	canonical	yes
acc_transactions	id	RAW	Accounts	yes	acc_transactions	canonical	yes
acc_transactions	memo	RAW	Accounts	yes	acc_transactions	canonical	yes
acc_transactions	operation_id	RAW	Accounts	no	acc_transactions	canonical	yes
bg_budgets	created_at	SYSTEM_INDEX	Budget	yes	bg_budgets	canonical	yes
bg_budgets	currency	RAW	Budget	yes	bg_budgets	canonical	yes
bg_budgets	id	RAW	Budget	yes	bg_budgets	canonical	yes
bg_budgets	income_source_mode	RAW	Budget	yes	bg_budgets	canonical	yes
bg_budgets	period_key	RAW	Budget	yes	bg_budgets	canonical	yes
bg_budgets	status	RAW	Budget	yes	bg_budgets	canonical	yes
bg_budgets	total_income	RAW	Budget	yes	bg_budgets	canonical	yes
bg_envelopes	assigned	RAW	Budget	yes	bg_envelopes	canonical	yes
bg_envelopes	budget_id	RAW	Budget	yes	bg_envelopes	canonical	yes
bg_envelopes	category_id	RAW	Budget	yes	bg_envelopes	canonical	yes
bg_envelopes	created_at	SYSTEM_INDEX	Budget	yes	bg_envelopes	canonical	yes
bg_envelopes	id	RAW	Budget	yes	bg_envelopes	canonical	yes
bg_envelopes	spent_snapshot	DERIVED	Budget	yes	bg_envelopes	canonical	yes
bg_transaction_links	amount	RAW	Budget	yes	bg_transaction_links	canonical	yes
bg_transaction_links	envelope_id	RAW	Budget	yes	bg_transaction_links	canonical	yes
bg_transaction_links	id	RAW	Budget	yes	bg_transaction_links	canonical	yes
bg_transaction_links	operation_id	RAW	Budget	yes	bg_transaction_links	canonical	yes
br_items	amount	RAW	Bills	yes	br_items	canonical	yes
br_items	created_at	SYSTEM_INDEX	Bills	yes	br_items	canonical	yes
br_items	currency	RAW	Bills	yes	br_items	canonical	yes
br_items	id	RAW	Bills	yes	br_items	canonical	yes
br_items	recurrence_rule	RAW	Bills	yes	br_items	canonical	yes
br_items	status	RAW	Bills	yes	br_items	canonical	yes
br_items	title	RAW	Bills	yes	br_items	canonical	yes
br_occurrences	due_date	RAW	Bills	yes	br_occurrences	canonical	yes
br_occurrences	id	RAW	Bills	yes	br_occurrences	canonical	yes
br_occurrences	item_id	RAW	Bills	yes	br_occurrences	canonical	yes
br_occurrences	occurrence_key	RAW	Bills	yes	br_occurrences	canonical	yes
br_occurrences	operation_id	RAW	Bills	yes	br_occurrences	canonical	yes
br_occurrences	paid_amount	RAW	Bills	yes	br_occurrences	canonical	yes
br_occurrences	scheduled_amount	RAW	Bills	yes	br_occurrences	canonical	yes
br_occurrences	status	RAW	Bills	yes	br_occurrences	canonical	yes
cat_categories	id	RAW	Core	yes	cat_categories	canonical	yes
cat_categories	is_active	RAW	Core	yes	cat_categories	canonical	yes
cat_categories	kind	RAW	Core	yes	cat_categories	canonical	yes
cat_categories	name	RAW	Core	yes	cat_categories	canonical	yes
cat_categories	parent_id	RAW	Core	yes	cat_categories	canonical	yes
chk_cheques	account_id	RAW	Cheque	yes	chk_cheques	canonical	yes
chk_cheques	amount	RAW	Cheque	yes	chk_cheques	canonical	yes
chk_cheques	bounced_date	RAW	Cheque	no	chk_cheques	canonical	yes
chk_cheques	bounced_reason	RAW	Cheque	yes	chk_cheques	canonical	yes
chk_cheques	cheque_number	RAW	Cheque	yes	chk_cheques	canonical	yes
chk_cheques	cleared_date	RAW	Cheque	no	chk_cheques	canonical	yes
chk_cheques	created_at	SYSTEM_INDEX	Cheque	yes	chk_cheques	canonical	yes
chk_cheques	currency	RAW	Cheque	yes	chk_cheques	canonical	yes
chk_cheques	direction	RAW	Cheque	yes	chk_cheques	canonical	yes
chk_cheques	due_date	RAW	Cheque	no	chk_cheques	canonical	yes
chk_cheques	effective_cash_date	RAW	Cheque	no	chk_cheques	canonical	yes
chk_cheques	id	RAW	Cheque	yes	chk_cheques	canonical	yes
chk_cheques	operation_id	RAW	Cheque	yes	chk_cheques	canonical	yes
chk_cheques	sayadi_id	RAW	Cheque	no	chk_cheques	canonical	yes
chk_cheques	status	RAW	Cheque	no	chk_cheques	canonical	yes
cur_currencies	code	RAW	Core	yes	cur_currencies	canonical	yes
cur_currencies	is_active	RAW	Core	yes	cur_currencies	canonical	yes
cur_currencies	minor_units	RAW	Core	yes	cur_currencies	canonical	yes
cur_currencies	name	RAW	Core	yes	cur_currencies	canonical	yes
cur_currency_preferences	base_currency	RAW	Core	yes	cur_currency_preferences	canonical	yes
cur_currency_preferences	id	RAW	Core	yes	cur_currency_preferences	canonical	yes
cur_currency_preferences	is_toman_display	RAW	Core	yes	cur_currency_preferences	canonical	yes
cur_currency_preferences	updated_at	SYSTEM_INDEX	Core	yes	cur_currency_preferences	canonical	yes
cur_exchange_rates	as_of	RAW	Core	yes	cur_exchange_rates	canonical	yes
cur_exchange_rates	conversion_path	RAW	Core	yes	cur_exchange_rates	canonical	yes
cur_exchange_rates	created_at	SYSTEM_INDEX	Core	yes	cur_exchange_rates	canonical	yes
cur_exchange_rates	from_currency	RAW	Core	yes	cur_exchange_rates	canonical	yes
cur_exchange_rates	id	RAW	Core	yes	cur_exchange_rates	canonical	yes
cur_exchange_rates	is_manual	RAW	Core	yes	cur_exchange_rates	canonical	yes
cur_exchange_rates	rate	RAW	Core	yes	cur_exchange_rates	canonical	yes
cur_exchange_rates	source	RAW	Core	yes	cur_exchange_rates	canonical	yes
cur_exchange_rates	source_priority	RAW	Core	yes	cur_exchange_rates	canonical	yes
cur_exchange_rates	to_currency	RAW	Core	yes	cur_exchange_rates	canonical	yes
dash_layouts	created_at	SYSTEM_INDEX	Dashboard	yes	dash_layouts	canonical	yes
dash_layouts	id	RAW	Dashboard	yes	dash_layouts	canonical	yes
dash_layouts	is_default	RAW	Dashboard	yes	dash_layouts	canonical	yes
dash_layouts	layout_json	RAW	Dashboard	yes	dash_layouts	canonical	yes
dash_layouts	name	RAW	Dashboard	yes	dash_layouts	canonical	yes
dash_widget_configs	config_json	RAW	Dashboard	yes	dash_widget_configs	canonical	yes
dash_widget_configs	created_at	SYSTEM_INDEX	Dashboard	yes	dash_widget_configs	canonical	yes
dash_widget_configs	id	RAW	Dashboard	yes	dash_widget_configs	canonical	yes
dash_widget_configs	layout_id	RAW	Dashboard	yes	dash_widget_configs	canonical	yes
dash_widget_configs	widget_kind	RAW	Dashboard	yes	dash_widget_configs	canonical	yes
db_meta	key	RAW	Core	yes	db_meta	canonical	yes
db_meta	value	RAW	Core	yes	db_meta	canonical	yes
docs_documents	blob_id	REFERENCE	Documents	no	docs_documents	canonical	yes
docs_documents	checksum	RAW	Docs	yes	docs_documents	canonical	yes
docs_documents	created_at	SYSTEM_INDEX	Docs	yes	docs_documents	canonical	yes
docs_documents	id	RAW	Docs	yes	docs_documents	canonical	yes
docs_documents	mime_type	RAW	Docs	yes	docs_documents	canonical	yes
docs_documents	relative_path	RAW	Documents	no	docs_documents	canonical	yes
docs_documents	size_bytes	RAW	Docs	yes	docs_documents	canonical	yes
docs_documents	storage_kind	STATUS	Documents	no	docs_documents	canonical	yes
docs_documents	storage_path	RAW	Docs	yes	docs_documents	canonical	yes
docs_documents	title	RAW	Docs	yes	docs_documents	canonical	yes
docs_documents	updated_at	SYSTEM_INDEX	Docs	yes	docs_documents	canonical	yes
docs_links	created_at	SYSTEM_INDEX	Docs	yes	docs_links	canonical	yes
docs_links	document_id	RAW	Docs	yes	docs_links	canonical	yes
docs_links	entity_id	RAW	Docs	yes	docs_links	canonical	yes
docs_links	entity_type	RAW	Docs	yes	docs_links	canonical	yes
docs_links	id	RAW	Docs	yes	docs_links	canonical	yes
exp_recurring	account_id	RAW	Expense	yes	exp_recurring	canonical	yes
exp_recurring	amount	RAW	Expense	yes	exp_recurring	canonical	yes
exp_recurring	category_id	RAW	Expense	yes	exp_recurring	canonical	yes
exp_recurring	created_at	SYSTEM_INDEX	Expense	yes	exp_recurring	canonical	yes
exp_recurring	currency	RAW	Expense	yes	exp_recurring	canonical	yes
exp_recurring	description	RAW	Expense	yes	exp_recurring	canonical	yes
exp_recurring	end_date	RAW	Expense	yes	exp_recurring	canonical	yes
exp_recurring	id	RAW	Expense	yes	exp_recurring	canonical	yes
exp_recurring	interval_kind	RAW	Expense	yes	exp_recurring	canonical	yes
exp_recurring	interval_value	RAW	Expense	yes	exp_recurring	canonical	yes
exp_recurring	is_active	RAW	Expense	yes	exp_recurring	canonical	yes
exp_recurring	next_occurrence	RAW	Expense	yes	exp_recurring	canonical	yes
exp_recurring	start_date	RAW	Expense	yes	exp_recurring	canonical	yes
exp_recurring	title	RAW	Expense	yes	exp_recurring	canonical	yes
exp_recurring	updated_at	SYSTEM_INDEX	Expense	yes	exp_recurring	canonical	yes
exp_transactions	account_id	RAW	Expense	yes	exp_transactions	canonical	yes
exp_transactions	account_transaction_id	RAW	Expense	yes	exp_transactions	canonical	yes
exp_transactions	amount	RAW	Expense	yes	exp_transactions	canonical	yes
exp_transactions	attachment_path	RAW	Expense	yes	exp_transactions	canonical	yes
exp_transactions	business_date	RAW	Expense	yes	exp_transactions	canonical	yes
exp_transactions	category_id	RAW	Expense	yes	exp_transactions	canonical	yes
exp_transactions	created_at	SYSTEM_INDEX	Expense	yes	exp_transactions	canonical	yes
exp_transactions	currency	RAW	Expense	yes	exp_transactions	canonical	yes
exp_transactions	description	RAW	Expense	yes	exp_transactions	canonical	yes
exp_transactions	exchange_rate_to_base	RAW	Expense	yes	exp_transactions	canonical	yes
exp_transactions	has_attachment	RAW	Expense	yes	exp_transactions	canonical	yes
exp_transactions	id	RAW	Expense	yes	exp_transactions	canonical	yes
exp_transactions	import_batch_id	RAW	Expense	yes	exp_transactions	canonical	yes
exp_transactions	is_voided	RAW	Expense	yes	exp_transactions	canonical	yes
exp_transactions	operation_id	RAW	Expense	yes	exp_transactions	canonical	yes
exp_transactions	recurring_id	RAW	Expense	yes	exp_transactions	canonical	yes
exp_transactions	reversed_expense_id	RAW	Expense	yes	exp_transactions	canonical	yes
exp_transactions	source_reference	RAW	Expense	yes	exp_transactions	canonical	yes
exp_transactions	source_type	RAW	Expense	yes	exp_transactions	canonical	yes
exp_transactions	updated_at	SYSTEM_INDEX	Expense	yes	exp_transactions	canonical	yes
exp_transactions	voided_at	SYSTEM_INDEX	Expense	yes	exp_transactions	canonical	yes
fg_contributions	amount	RAW	Goals	yes	fg_contributions	canonical	yes
fg_contributions	business_date	RAW	Goals	yes	fg_contributions	canonical	yes
fg_contributions	created_at	SYSTEM_INDEX	Goals	yes	fg_contributions	canonical	yes
fg_contributions	currency	RAW	Goals	yes	fg_contributions	canonical	yes
fg_contributions	goal_id	RAW	Goals	yes	fg_contributions	canonical	yes
fg_contributions	id	RAW	Goals	yes	fg_contributions	canonical	yes
fg_contributions	operation_id	RAW	Goals	yes	fg_contributions	canonical	yes
fg_goals	created_at	SYSTEM_INDEX	Goals	yes	fg_goals	canonical	yes
fg_goals	currency	RAW	Goals	yes	fg_goals	canonical	yes
fg_goals	current_amount_snapshot	DERIVED	Goals	yes	fg_goals	canonical	yes
fg_goals	funding_mode	RAW	Goals	yes	fg_goals	canonical	yes
fg_goals	id	RAW	Goals	yes	fg_goals	canonical	yes
fg_goals	name	RAW	Goals	yes	fg_goals	canonical	yes
fg_goals	status	RAW	Goals	yes	fg_goals	canonical	yes
fg_goals	target_amount	RAW	Goals	yes	fg_goals	canonical	yes
fg_goals	target_date	RAW	Goals	yes	fg_goals	canonical	yes
fin_accounts	account_kind	RAW	Core	yes	fin_accounts	canonical	yes
fin_accounts	code	RAW	Core	yes	fin_accounts	canonical	yes
fin_accounts	created_at	SYSTEM_INDEX	Core	yes	fin_accounts	canonical	yes
fin_accounts	currency	RAW	Core	no	fin_accounts	canonical	yes
fin_accounts	external_ref_json	RAW	Core	yes	fin_accounts	canonical	yes
fin_accounts	id	RAW	Core	no	fin_accounts	canonical	yes
fin_accounts	is_archived	RAW	Core	yes	fin_accounts	canonical	yes
fin_accounts	name	RAW	Core	yes	fin_accounts	canonical	yes
fin_accounts	parent_id	RAW	Core	yes	fin_accounts	canonical	yes
fin_accounts	reconciliation_status	RAW	Core	yes	fin_accounts	canonical	yes
fin_accounts	role	RAW	Core	yes	fin_accounts	canonical	yes
fin_accounts	status	RAW	Core	yes	fin_accounts	canonical	yes
fin_accounts	updated_at	SYSTEM_INDEX	Core	yes	fin_accounts	canonical	yes
fin_audit_log	action	RAW	Core	yes	fin_audit_log	canonical	yes
fin_audit_log	actor	RAW	Core	no	fin_audit_log	canonical	yes
fin_audit_log	at	RAW	Core	yes	fin_audit_log	canonical	yes
fin_audit_log	entity_id	RAW	Core	yes	fin_audit_log	canonical	yes
fin_audit_log	entity_type	RAW	Core	yes	fin_audit_log	canonical	yes
fin_audit_log	id	RAW	Core	yes	fin_audit_log	canonical	yes
fin_audit_log	operation_id	RAW	Core	no	fin_audit_log	canonical	yes
fin_audit_log	payload_json	RAW	Core	yes	fin_audit_log	canonical	yes
fin_audit_log	reason	RAW	Core	yes	fin_audit_log	canonical	yes
fin_audit_log	source	RAW	Core	yes	fin_audit_log	canonical	yes
fin_journal_entries	business_date	RAW	Core	yes	fin_journal_entries	canonical	yes
fin_journal_entries	created_at	SYSTEM_INDEX	Core	yes	fin_journal_entries	canonical	yes
fin_journal_entries	fiscal_period_id	RAW	Core	yes	fin_journal_entries	canonical	yes
fin_journal_entries	id	RAW	Core	yes	fin_journal_entries	canonical	yes
fin_journal_entries	memo	RAW	Core	yes	fin_journal_entries	canonical	yes
fin_journal_entries	operation_id	RAW	Core	no	fin_journal_entries	canonical	yes
fin_journal_entries	post_state	RAW	Core	yes	fin_journal_entries	canonical	yes
fin_journal_entries	reference_number	RAW	Core	yes	fin_journal_entries	canonical	yes
fin_journal_lines	account_id	RAW	Core	no	fin_journal_lines	canonical	yes
fin_journal_lines	amount	RAW	Core	no	fin_journal_lines	canonical	yes
fin_journal_lines	amount_in_base	RAW	Core	no	fin_journal_lines	canonical	yes
fin_journal_lines	conversion_path	RAW	Core	no	fin_journal_lines	canonical	yes
fin_journal_lines	currency	RAW	Core	yes	fin_journal_lines	canonical	yes
fin_journal_lines	entry_id	RAW	Core	yes	fin_journal_lines	canonical	yes
fin_journal_lines	exchange_rate_to_base	RAW	Core	no	fin_journal_lines	canonical	yes
fin_journal_lines	id	RAW	Core	yes	fin_journal_lines	canonical	yes
fin_journal_lines	line_kind	RAW	Core	yes	fin_journal_lines	canonical	yes
fin_journal_lines	line_number	RAW	Core	yes	fin_journal_lines	canonical	yes
fin_journal_lines	memo	RAW	Core	yes	fin_journal_lines	canonical	yes
fin_journal_lines	reference	RAW	Core	yes	fin_journal_lines	canonical	yes
fin_journal_lines	side	RAW	Core	no	fin_journal_lines	canonical	yes
fin_journal_lines	source_reference	RAW	Core	yes	fin_journal_lines	canonical	yes
fin_journal_lines	source_type	RAW	Core	yes	fin_journal_lines	canonical	yes
fin_operations	attribution_algorithm_version	RAW	Core	yes	fin_operations	canonical	yes
fin_operations	base_currency	RAW	Core	no	fin_operations	canonical	yes
fin_operations	business_date	RAW	Core	no	fin_operations	canonical	yes
fin_operations	command_hash	RAW	Core	no	fin_operations	canonical	yes
fin_operations	corrects_operation_id	RAW	Core	yes	fin_operations	canonical	yes
fin_operations	created_at	SYSTEM_INDEX	Core	yes	fin_operations	canonical	yes
fin_operations	durability_state	RAW	Core	yes	fin_operations	canonical	yes
fin_operations	engine_versions	RAW	Core	no	fin_operations	canonical	yes
fin_operations	event_at	RAW	Core	yes	fin_operations	canonical	yes
fin_operations	failed_at	SYSTEM_INDEX	Core	yes	fin_operations	canonical	yes
fin_operations	id	RAW	Core	no	fin_operations	canonical	yes
fin_operations	operation_type	RAW	Core	yes	fin_operations	canonical	yes
fin_operations	posted_at	SYSTEM_INDEX	Core	yes	fin_operations	canonical	yes
fin_operations	result_hash	RAW	Core	no	fin_operations	canonical	yes
fin_operations	result_json	SNAPSHOT	Core	no	fin_operations	canonical	yes
fin_operations	result_schema_version	RAW	Core	no	fin_operations	canonical	yes
fin_operations	reverses_operation_id	RAW	Core	no	fin_operations	canonical	yes
fin_operations	settlement_date	RAW	Core	yes	fin_operations	canonical	yes
fin_operations	source	RAW	Core	yes	fin_operations	canonical	yes
fin_operations	status	RAW	Core	no	fin_operations	canonical	yes
fin_operations	voided_at	SYSTEM_INDEX	Core	yes	fin_operations	canonical	yes
fin_reconcile_runs	as_of	RAW	Core	yes	fin_reconcile_runs	canonical	yes
fin_reconcile_runs	base_currency	RAW	Core	yes	fin_reconcile_runs	canonical	yes
fin_reconcile_runs	created_at	SYSTEM_INDEX	Core	yes	fin_reconcile_runs	canonical	yes
fin_reconcile_runs	id	RAW	Core	yes	fin_reconcile_runs	canonical	yes
fin_reconcile_runs	reconciled_by	RAW	Core	yes	fin_reconcile_runs	canonical	yes
fin_reconcile_runs	result_json	RAW	Core	yes	fin_reconcile_runs	canonical	yes
fin_reconcile_runs	scope	RAW	Core	yes	fin_reconcile_runs	canonical	yes
fin_reconcile_runs	status	RAW	Core	yes	fin_reconcile_runs	canonical	yes
fin_reconcile_runs	valuation_context_json	RAW	Core	yes	fin_reconcile_runs	canonical	yes
import_batches	completed_at	RAW	Import	no	import_batches	canonical	yes
import_batches	content_hash	RAW	Import	no	import_batches	canonical	yes
import_batches	created_at	SYSTEM_INDEX	Import	no	import_batches	canonical	yes
import_batches	document_id	REFERENCE	Import	no	import_batches	canonical	yes
import_batches	id	REFERENCE	Import	no	import_batches	canonical	yes
import_batches	record_count	RAW	Import	no	import_batches	canonical	yes
import_batches	source_provider	RAW	Import	no	import_batches	canonical	yes
import_batches	source_reference	RAW	Import	no	import_batches	canonical	yes
import_batches	source_schema_version	RAW	Import	no	import_batches	canonical	yes
import_batches	source_type	STATUS	Import	no	import_batches	canonical	yes
import_batches	status	STATUS	Import	no	import_batches	canonical	yes
import_dedupe_keys	command_hash	RAW	Import	no	import_dedupe_keys	canonical	yes
import_dedupe_keys	created_at	SYSTEM_INDEX	Import	yes	import_dedupe_keys	canonical	yes
import_dedupe_keys	external_ref	RAW	Import	yes	import_dedupe_keys	canonical	yes
import_dedupe_keys	id	RAW	Import	yes	import_dedupe_keys	canonical	yes
import_dedupe_keys	log_index	RAW	Import	yes	import_dedupe_keys	canonical	yes
import_dedupe_keys	operation_id	RAW	Import	yes	import_dedupe_keys	canonical	yes
import_dedupe_keys	provider_tx_id	RAW	Import	no	import_dedupe_keys	canonical	yes
import_dedupe_keys	raw_record_id	RAW	Import	yes	import_dedupe_keys	canonical	yes
import_dedupe_keys	source_provider	RAW	Import	yes	import_dedupe_keys	canonical	yes
import_dedupe_keys	tx_hash	RAW	Import	yes	import_dedupe_keys	canonical	yes
import_raw_records	batch_id	RAW	Import	yes	import_raw_records	canonical	yes
import_raw_records	created_at	SYSTEM_INDEX	Import	yes	import_raw_records	canonical	yes
import_raw_records	id	RAW	Import	yes	import_raw_records	canonical	yes
import_raw_records	imported_at	RAW	Import	yes	import_raw_records	canonical	yes
import_raw_records	mapping_decision_json	RAW	Import	yes	import_raw_records	canonical	yes
import_raw_records	normalization_status	RAW	Import	yes	import_raw_records	canonical	yes
import_raw_records	payload_json	RAW	Import	yes	import_raw_records	canonical	yes
import_raw_records	raw_record_hash	RAW	Import	no	import_raw_records	canonical	yes
import_raw_records	reconciliation_status	RAW	Import	yes	import_raw_records	canonical	yes
import_raw_records	source_document_id	RAW	Import	yes	import_raw_records	canonical	yes
import_raw_records	source_file_name	RAW	Import	yes	import_raw_records	canonical	yes
import_raw_records	source_provider	RAW	Import	yes	import_raw_records	canonical	yes
import_raw_records	source_reference	RAW	Import	yes	import_raw_records	canonical	yes
import_raw_records	source_schema_version	RAW	Import	yes	import_raw_records	canonical	yes
import_raw_records	source_type	RAW	Import	yes	import_raw_records	canonical	yes
import_raw_records	unknown_fields_json	RAW	Import	no	import_raw_records	canonical	yes
import_raw_records	user_override_json	RAW	Import	yes	import_raw_records	canonical	yes
inc_recurring	account_id	RAW	Income	yes	inc_recurring	canonical	yes
inc_recurring	amount	RAW	Income	yes	inc_recurring	canonical	yes
inc_recurring	category_id	RAW	Income	yes	inc_recurring	canonical	yes
inc_recurring	created_at	SYSTEM_INDEX	Income	yes	inc_recurring	canonical	yes
inc_recurring	currency	RAW	Income	yes	inc_recurring	canonical	yes
inc_recurring	description	RAW	Income	yes	inc_recurring	canonical	yes
inc_recurring	end_date	RAW	Income	yes	inc_recurring	canonical	yes
inc_recurring	id	RAW	Income	yes	inc_recurring	canonical	yes
inc_recurring	interval_kind	RAW	Income	yes	inc_recurring	canonical	yes
inc_recurring	interval_value	RAW	Income	yes	inc_recurring	canonical	yes
inc_recurring	is_active	RAW	Income	yes	inc_recurring	canonical	yes
inc_recurring	next_occurrence	RAW	Income	yes	inc_recurring	canonical	yes
inc_recurring	start_date	RAW	Income	yes	inc_recurring	canonical	yes
inc_recurring	title	RAW	Income	yes	inc_recurring	canonical	yes
inc_recurring	updated_at	SYSTEM_INDEX	Income	yes	inc_recurring	canonical	yes
inc_transactions	account_id	RAW	Income	yes	inc_transactions	canonical	yes
inc_transactions	account_transaction_id	RAW	Income	yes	inc_transactions	canonical	yes
inc_transactions	amount	RAW	Income	yes	inc_transactions	canonical	yes
inc_transactions	attachment_path	RAW	Income	yes	inc_transactions	canonical	yes
inc_transactions	business_date	RAW	Income	yes	inc_transactions	canonical	yes
inc_transactions	category_id	RAW	Income	yes	inc_transactions	canonical	yes
inc_transactions	created_at	SYSTEM_INDEX	Income	yes	inc_transactions	canonical	yes
inc_transactions	currency	RAW	Income	yes	inc_transactions	canonical	yes
inc_transactions	description	RAW	Income	yes	inc_transactions	canonical	yes
inc_transactions	exchange_rate_to_base	RAW	Income	yes	inc_transactions	canonical	yes
inc_transactions	has_attachment	RAW	Income	yes	inc_transactions	canonical	yes
inc_transactions	id	RAW	Income	yes	inc_transactions	canonical	yes
inc_transactions	import_batch_id	RAW	Income	yes	inc_transactions	canonical	yes
inc_transactions	is_voided	RAW	Income	yes	inc_transactions	canonical	yes
inc_transactions	operation_id	RAW	Income	yes	inc_transactions	canonical	yes
inc_transactions	recurring_id	RAW	Income	yes	inc_transactions	canonical	yes
inc_transactions	reversed_income_id	RAW	Income	yes	inc_transactions	canonical	yes
inc_transactions	source_reference	RAW	Income	yes	inc_transactions	canonical	yes
inc_transactions	source_type	RAW	Income	yes	inc_transactions	canonical	yes
inc_transactions	updated_at	SYSTEM_INDEX	Income	yes	inc_transactions	canonical	yes
inc_transactions	voided_at	SYSTEM_INDEX	Income	yes	inc_transactions	canonical	yes
instrument_price_mappings	created_at	SYSTEM_INDEX	Core	no	instrument_price_mappings	canonical	yes
instrument_price_mappings	id	REFERENCE	Core	no	instrument_price_mappings	canonical	yes
instrument_price_mappings	instrument_id	REFERENCE	Core	no	instrument_price_mappings	canonical	yes
instrument_price_mappings	market	RAW	Core	no	instrument_price_mappings	canonical	yes
instrument_price_mappings	provider_symbol	RAW	Core	no	instrument_price_mappings	canonical	yes
instrument_price_mappings	source_id	REFERENCE	Core	no	instrument_price_mappings	canonical	yes
instrument_price_mappings	status	STATUS	Core	no	instrument_price_mappings	canonical	yes
instrument_price_mappings	valid_from	RAW	Core	no	instrument_price_mappings	canonical	yes
instrument_price_mappings	valid_to	RAW	Core	no	instrument_price_mappings	canonical	yes
inv_crypto_cash	balance	SNAPSHOT	Crypto	no	journal rebuild	canonical	yes
inv_crypto_cash	currency	RAW	Crypto	yes	inv_crypto_cash	canonical	yes
inv_crypto_cash	exchange_id	RAW	Crypto	yes	inv_crypto_cash	canonical	yes
inv_crypto_cash	fin_account_id	RAW	Crypto	no	projection	canonical	yes
inv_crypto_cash	id	RAW	Crypto	yes	inv_crypto_cash	canonical	yes
inv_crypto_cash	updated_at	SYSTEM_INDEX	Crypto	yes	inv_crypto_cash	canonical	yes
inv_crypto_exchanges	created_at	SYSTEM_INDEX	Crypto	yes	inv_crypto_exchanges	canonical	yes
inv_crypto_exchanges	description	RAW	Crypto	no	inv_crypto_exchanges	canonical	yes
inv_crypto_exchanges	id	RAW	Crypto	yes	inv_crypto_exchanges	canonical	yes
inv_crypto_exchanges	is_active	RAW	Crypto	no	inv_crypto_exchanges	canonical	yes
inv_crypto_exchanges	name	RAW	Crypto	yes	inv_crypto_exchanges	canonical	yes
inv_crypto_exchanges	type	STATUS	Crypto	no	inv_crypto_exchanges	canonical	yes
inv_crypto_exchanges	updated_at	SYSTEM_INDEX	Crypto	no	inv_crypto_exchanges	canonical	yes
inv_crypto_exchanges	url	RAW	Crypto	no	inv_crypto_exchanges	canonical	yes
inv_crypto_exchanges	venue_kind	RAW	Crypto	yes	inv_crypto_exchanges	canonical	yes
inv_crypto_holdings	cost_currency	RAW	Crypto	yes	inv_crypto_holdings	canonical	yes
inv_crypto_holdings	created_at	SYSTEM_INDEX	Crypto	yes	inv_crypto_holdings	canonical	yes
inv_crypto_holdings	exchange_id	RAW	Crypto	yes	inv_crypto_holdings	canonical	yes
inv_crypto_holdings	id	RAW	Crypto	yes	inv_crypto_holdings	canonical	yes
inv_crypto_holdings	instrument_id	RAW	Crypto	no	inv_crypto_holdings	canonical	yes
inv_crypto_holdings	network_id	RAW	Crypto	yes	inv_crypto_holdings	canonical	yes
inv_crypto_holdings	quantity	SNAPSHOT	Crypto	no	rebuild from txs	canonical	yes
inv_crypto_holdings	total_invested	SNAPSHOT	Crypto	no	cost basis rebuild	canonical	yes
inv_crypto_holdings	updated_at	SYSTEM_INDEX	Crypto	yes	inv_crypto_holdings	canonical	yes
inv_crypto_transactions	business_date	RAW	Crypto	yes	inv_crypto_transactions	canonical	yes
inv_crypto_transactions	created_at	SYSTEM_INDEX	Crypto	yes	inv_crypto_transactions	canonical	yes
inv_crypto_transactions	economic_kind	RAW	Crypto	no	inv_crypto_transactions	canonical	yes
inv_crypto_transactions	fee_currency	RAW	Crypto	yes	inv_crypto_transactions	canonical	yes
inv_crypto_transactions	fee_instrument_id	RAW	Crypto	no	inv_crypto_transactions	canonical	yes
inv_crypto_transactions	fee_quantity	RAW	Crypto	no	inv_crypto_transactions	canonical	yes
inv_crypto_transactions	gross_quantity	RAW	Crypto	no	inv_crypto_transactions	canonical	yes
inv_crypto_transactions	holding_id	RAW	Crypto	yes	inv_crypto_transactions	canonical	yes
inv_crypto_transactions	id	RAW	Crypto	yes	inv_crypto_transactions	canonical	yes
inv_crypto_transactions	instrument_id	RAW	Crypto	yes	inv_crypto_transactions	canonical	yes
inv_crypto_transactions	net_quantity	RAW	Crypto	no	inv_crypto_transactions	canonical	yes
inv_crypto_transactions	operation_id	RAW	Crypto	no	inv_crypto_transactions	canonical	yes
inv_crypto_transactions	tx_type	RAW	Crypto	yes	inv_crypto_transactions	canonical	yes
inv_crypto_wallet_addresses	account_index	RAW	Crypto	no	inv_crypto_wallet_addresses	canonical	yes
inv_crypto_wallet_addresses	address	RAW	Crypto	yes	inv_crypto_wallet_addresses	canonical	yes
inv_crypto_wallet_addresses	address_type	STATUS	Crypto	no	inv_crypto_wallet_addresses	canonical	yes
inv_crypto_wallet_addresses	created_at	SYSTEM_INDEX	Crypto	yes	inv_crypto_wallet_addresses	canonical	yes
inv_crypto_wallet_addresses	derivation_path	RAW	Crypto	no	inv_crypto_wallet_addresses	canonical	yes
inv_crypto_wallet_addresses	id	RAW	Crypto	yes	inv_crypto_wallet_addresses	canonical	yes
inv_crypto_wallet_addresses	is_primary	RAW	Crypto	yes	inv_crypto_wallet_addresses	canonical	yes
inv_crypto_wallet_addresses	labels	RAW	Crypto	no	inv_crypto_wallet_addresses	canonical	yes
inv_crypto_wallet_addresses	network_id	RAW	Crypto	yes	inv_crypto_wallet_addresses	canonical	yes
inv_crypto_wallet_addresses	updated_at	SYSTEM_INDEX	Crypto	no	inv_crypto_wallet_addresses	canonical	yes
inv_crypto_wallet_networks	chain_id	RAW	Crypto	yes	inv_crypto_wallet_networks	canonical	yes
inv_crypto_wallet_networks	created_at	SYSTEM_INDEX	Crypto	yes	inv_crypto_wallet_networks	canonical	yes
inv_crypto_wallet_networks	exchange_id	RAW	Crypto	yes	inv_crypto_wallet_networks	canonical	yes
inv_crypto_wallet_networks	id	RAW	Crypto	yes	inv_crypto_wallet_networks	canonical	yes
inv_crypto_wallet_networks	network	RAW	Crypto	yes	inv_crypto_wallet_networks	canonical	yes
inv_fif_funds	base_price	DERIVED	Funds	no	inv_fif_funds	canonical	yes
inv_fif_funds	created_at	SYSTEM_INDEX	Funds	yes	inv_fif_funds	canonical	yes
inv_fif_funds	description	RAW	Funds	no	inv_fif_funds	canonical	yes
inv_fif_funds	distribution_period	RAW	Funds	no	inv_fif_funds	canonical	yes
inv_fif_funds	fund_kind	RAW	Funds	yes	inv_fif_funds	canonical	yes
inv_fif_funds	id	RAW	Funds	yes	inv_fif_funds	canonical	yes
inv_fif_funds	instrument_id	RAW	Funds	yes	inv_fif_funds	canonical	yes
inv_fif_funds	is_active	RAW	Funds	no	inv_fif_funds	canonical	yes
inv_fif_funds	name	RAW	Funds	no	inv_fif_funds	canonical	yes
inv_fif_funds	platform	RAW	Funds	no	inv_fif_funds	canonical	yes
inv_fif_funds	predicted_annual_rate	DERIVED	Funds	no	inv_fif_funds	canonical	yes
inv_fif_funds	profit_kind	STATUS	Funds	no	inv_fif_funds	canonical	yes
inv_fif_funds	symbol	RAW	Funds	no	inv_fif_funds	canonical	yes
inv_fif_funds	updated_at	SYSTEM_INDEX	Funds	no	inv_fif_funds	canonical	yes
inv_fif_funds	url	RAW	Funds	no	inv_fif_funds	canonical	yes
inv_fif_holdings	account_id	RAW	Funds	yes	inv_fif_holdings	canonical	yes
inv_fif_holdings	brokerage_id	REFERENCE	Funds	no	inv_fif_holdings	canonical	yes
inv_fif_holdings	cost_currency	RAW	Funds	yes	inv_fif_holdings	canonical	yes
inv_fif_holdings	created_at	SYSTEM_INDEX	Funds	yes	inv_fif_holdings	canonical	yes
inv_fif_holdings	current_nav	RAW	Funds	no	inv_fif_holdings	canonical	yes
inv_fif_holdings	external_reported_profit	RAW	Funds	no	inv_fif_holdings	canonical	yes
inv_fif_holdings	id	RAW	Funds	yes	inv_fif_holdings	canonical	yes
inv_fif_holdings	instrument_id	RAW	Funds	yes	inv_fif_holdings	canonical	yes
inv_fif_holdings	last_redemption_price	DERIVED	Funds	no	inv_fif_holdings	canonical	yes
inv_fif_holdings	last_subscription_price	DERIVED	Funds	no	inv_fif_holdings	canonical	yes
inv_fif_holdings	quantity	RAW	Funds	yes	inv_fif_holdings	canonical	yes
inv_fif_holdings	total_fees_paid_base	DERIVED	Funds	no	inv_fif_holdings	canonical	yes
inv_fif_holdings	total_invested	DERIVED	Funds	yes	inv_fif_holdings	canonical	yes
inv_fif_holdings	updated_at	SYSTEM_INDEX	Funds	yes	inv_fif_holdings	canonical	yes
inv_fif_transactions	account_id	RAW	Funds	yes	inv_fif_transactions	canonical	yes
inv_fif_transactions	amount	RAW	Funds	yes	inv_fif_transactions	canonical	yes
inv_fif_transactions	created_at	SYSTEM_INDEX	Funds	yes	inv_fif_transactions	canonical	yes
inv_fif_transactions	currency	RAW	Funds	yes	inv_fif_transactions	canonical	yes
inv_fif_transactions	external_reported_profit	RAW	Funds	no	inv_fif_transactions	canonical	yes
inv_fif_transactions	id	RAW	Funds	yes	inv_fif_transactions	canonical	yes
inv_fif_transactions	instrument_id	RAW	Funds	yes	inv_fif_transactions	canonical	yes
inv_fif_transactions	nav	RAW	Funds	yes	inv_fif_transactions	canonical	yes
inv_fif_transactions	operation_id	RAW	Funds	yes	inv_fif_transactions	canonical	yes
inv_fif_transactions	operation_role	RAW	Funds	no	inv_fif_transactions	canonical	yes
inv_fif_transactions	quantity	RAW	Funds	yes	inv_fif_transactions	canonical	yes
inv_fif_transactions	settlement_date	RAW	Funds	yes	inv_fif_transactions	canonical	yes
inv_fif_transactions	trade_date	RAW	Funds	yes	inv_fif_transactions	canonical	yes
inv_fif_transactions	transaction_price	RAW	Funds	yes	inv_fif_transactions	canonical	yes
inv_fif_transactions	tx_type	RAW	Funds	yes	inv_fif_transactions	canonical	yes
inv_metals_holdings	average_cost_per_mg	DERIVED	Metals	yes	inv_metals_holdings	canonical	yes
inv_metals_holdings	cost_currency	RAW	Metals	yes	inv_metals_holdings	canonical	yes
inv_metals_holdings	created_at	SYSTEM_INDEX	Metals	yes	inv_metals_holdings	canonical	yes
inv_metals_holdings	id	RAW	Metals	yes	inv_metals_holdings	canonical	yes
inv_metals_holdings	instrument_id	RAW	Metals	yes	inv_metals_holdings	canonical	yes
inv_metals_holdings	platform_id	RAW	Metals	yes	inv_metals_holdings	canonical	yes
inv_metals_holdings	purity_code	RAW	Metals	yes	inv_metals_holdings	canonical	yes
inv_metals_holdings	purity_ratio	RAW	Metals	yes	inv_metals_holdings	canonical	yes
inv_metals_holdings	quantity_mg	RAW	Metals	yes	inv_metals_holdings	canonical	yes
inv_metals_holdings	total_invested	DERIVED	Metals	yes	inv_metals_holdings	canonical	yes
inv_metals_holdings	updated_at	SYSTEM_INDEX	Metals	yes	inv_metals_holdings	canonical	yes
inv_metals_physical_deliveries	created_at	SYSTEM_INDEX	Metals	yes	inv_metals_physical_deliveries	canonical	yes
inv_metals_physical_deliveries	delivery_address	RAW	Metals	yes	inv_metals_physical_deliveries	canonical	yes
inv_metals_physical_deliveries	fee_amount	RAW	Metals	yes	inv_metals_physical_deliveries	canonical	yes
inv_metals_physical_deliveries	fee_currency	RAW	Metals	yes	inv_metals_physical_deliveries	canonical	yes
inv_metals_physical_deliveries	id	RAW	Metals	yes	inv_metals_physical_deliveries	canonical	yes
inv_metals_physical_deliveries	invoice_ref	RAW	Metals	yes	inv_metals_physical_deliveries	canonical	yes
inv_metals_physical_deliveries	metals_holding_id	RAW	Metals	yes	inv_metals_physical_deliveries	canonical	yes
inv_metals_physical_deliveries	operation_id	RAW	Metals	yes	inv_metals_physical_deliveries	canonical	yes
inv_metals_physical_deliveries	pa_asset_id	RAW	Metals	yes	inv_metals_physical_deliveries	canonical	yes
inv_metals_physical_deliveries	quantity_mg	RAW	Metals	yes	inv_metals_physical_deliveries	canonical	yes
inv_metals_physical_deliveries	status	RAW	Metals	yes	inv_metals_physical_deliveries	canonical	yes
inv_metals_physical_deliveries	updated_at	SYSTEM_INDEX	Metals	yes	inv_metals_physical_deliveries	canonical	yes
inv_metals_platforms	created_at	SYSTEM_INDEX	Metals	yes	inv_metals_platforms	canonical	yes
inv_metals_platforms	fin_account_id	RAW	Metals	yes	inv_metals_platforms	canonical	yes
inv_metals_platforms	id	RAW	Metals	yes	inv_metals_platforms	canonical	yes
inv_metals_platforms	name	RAW	Metals	yes	inv_metals_platforms	canonical	yes
inv_metals_transactions	amount	RAW	Metals	yes	inv_metals_transactions	canonical	yes
inv_metals_transactions	business_date	RAW	Metals	yes	inv_metals_transactions	canonical	yes
inv_metals_transactions	created_at	SYSTEM_INDEX	Metals	yes	inv_metals_transactions	canonical	yes
inv_metals_transactions	currency	RAW	Metals	yes	inv_metals_transactions	canonical	yes
inv_metals_transactions	exchange_rate_to_base	RAW	Metals	yes	inv_metals_transactions	canonical	yes
inv_metals_transactions	fee_amount	RAW	Metals	yes	inv_metals_transactions	canonical	yes
inv_metals_transactions	fee_currency	RAW	Metals	yes	inv_metals_transactions	canonical	yes
inv_metals_transactions	holding_id	RAW	Metals	yes	inv_metals_transactions	canonical	yes
inv_metals_transactions	id	RAW	Metals	yes	inv_metals_transactions	canonical	yes
inv_metals_transactions	instrument_id	RAW	Metals	yes	inv_metals_transactions	canonical	yes
inv_metals_transactions	is_partial	RAW	Metals	yes	inv_metals_transactions	canonical	yes
inv_metals_transactions	metal_price_per_mg	RAW	Metals	yes	inv_metals_transactions	canonical	yes
inv_metals_transactions	operation_id	RAW	Metals	yes	inv_metals_transactions	canonical	yes
inv_metals_transactions	premium_amount	RAW	Metals	yes	inv_metals_transactions	canonical	yes
inv_metals_transactions	quantity_mg	RAW	Metals	yes	inv_metals_transactions	canonical	yes
inv_metals_transactions	tx_type	RAW	Metals	yes	inv_metals_transactions	canonical	yes
inv_stocks_iran_brokerages	created_at	SYSTEM_INDEX	Stocks	yes	inv_stocks_iran_brokerages	canonical	yes
inv_stocks_iran_brokerages	fin_account_id	RAW	Stocks	yes	inv_stocks_iran_brokerages	canonical	yes
inv_stocks_iran_brokerages	id	RAW	Stocks	yes	inv_stocks_iran_brokerages	canonical	yes
inv_stocks_iran_brokerages	name	RAW	Stocks	yes	inv_stocks_iran_brokerages	canonical	yes
inv_stocks_iran_corporate_actions	ca_type	RAW	Stocks	yes	inv_stocks_iran_corporate_actions	canonical	yes
inv_stocks_iran_corporate_actions	created_at	SYSTEM_INDEX	Stocks	yes	inv_stocks_iran_corporate_actions	canonical	yes
inv_stocks_iran_corporate_actions	ex_date	RAW	Stocks	yes	inv_stocks_iran_corporate_actions	canonical	yes
inv_stocks_iran_corporate_actions	id	RAW	Stocks	yes	inv_stocks_iran_corporate_actions	canonical	yes
inv_stocks_iran_corporate_actions	instrument_id	RAW	Stocks	yes	inv_stocks_iran_corporate_actions	canonical	yes
inv_stocks_iran_corporate_actions	operation_id	RAW	Stocks	yes	inv_stocks_iran_corporate_actions	canonical	yes
inv_stocks_iran_corporate_actions	payload_json	RAW	Stocks	yes	inv_stocks_iran_corporate_actions	canonical	yes
inv_stocks_iran_corporate_actions	payment_date	RAW	Stocks	yes	inv_stocks_iran_corporate_actions	canonical	yes
inv_stocks_iran_corporate_actions	ratio	RAW	Stocks	yes	inv_stocks_iran_corporate_actions	canonical	yes
inv_stocks_iran_corporate_actions	record_date	RAW	Stocks	yes	inv_stocks_iran_corporate_actions	canonical	yes
inv_stocks_iran_holdings	brokerage_id	RAW	Stocks	yes	inv_stocks_iran_holdings	canonical	yes
inv_stocks_iran_holdings	cost_currency	RAW	Stocks	yes	inv_stocks_iran_holdings	canonical	yes
inv_stocks_iran_holdings	created_at	SYSTEM_INDEX	Stocks	yes	inv_stocks_iran_holdings	canonical	yes
inv_stocks_iran_holdings	id	RAW	Stocks	yes	inv_stocks_iran_holdings	canonical	yes
inv_stocks_iran_holdings	instrument_id	RAW	Stocks	yes	inv_stocks_iran_holdings	canonical	yes
inv_stocks_iran_holdings	isin	RAW	Stocks	no	inv_stocks_iran_holdings	canonical	yes
inv_stocks_iran_holdings	market	RAW	Stocks	no	inv_stocks_iran_holdings	canonical	yes
inv_stocks_iran_holdings	name	RAW	Stocks	no	inv_stocks_iran_holdings	canonical	yes
inv_stocks_iran_holdings	price_provider_id	REFERENCE	Stocks	no	inv_stocks_iran_holdings	canonical	yes
inv_stocks_iran_holdings	provider_symbol	RAW	Stocks	no	inv_stocks_iran_holdings	canonical	yes
inv_stocks_iran_holdings	quantity	RAW	Stocks	yes	inv_stocks_iran_holdings	canonical	yes
inv_stocks_iran_holdings	symbol	RAW	Stocks	no	inv_stocks_iran_holdings	canonical	yes
inv_stocks_iran_holdings	total_fees_paid_base	DERIVED	Stocks	no	inv_stocks_iran_holdings	canonical	yes
inv_stocks_iran_holdings	total_invested	DERIVED	Stocks	yes	inv_stocks_iran_holdings	canonical	yes
inv_stocks_iran_holdings	updated_at	SYSTEM_INDEX	Stocks	yes	inv_stocks_iran_holdings	canonical	yes
inv_stocks_iran_instruments	created_at	SYSTEM_INDEX	Stocks	yes	inv_stocks_iran_instruments	canonical	yes
inv_stocks_iran_instruments	firm_code	RAW	Stocks	yes	inv_stocks_iran_instruments	canonical	yes
inv_stocks_iran_instruments	id	RAW	Stocks	yes	inv_stocks_iran_instruments	canonical	yes
inv_stocks_iran_instruments	instrument_id	RAW	Stocks	yes	inv_stocks_iran_instruments	canonical	yes
inv_stocks_iran_instruments	isin	RAW	Stocks	yes	inv_stocks_iran_instruments	canonical	yes
inv_stocks_iran_instruments	lot_size	RAW	Stocks	yes	inv_stocks_iran_instruments	canonical	yes
inv_stocks_iran_instruments	price_tick	RAW	Stocks	yes	inv_stocks_iran_instruments	canonical	yes
inv_stocks_iran_transactions	brokerage_id	RAW	Stocks	yes	inv_stocks_iran_transactions	canonical	yes
inv_stocks_iran_transactions	holding_id	RAW	Stocks	yes	inv_stocks_iran_transactions	canonical	yes
inv_stocks_iran_transactions	id	RAW	Stocks	yes	inv_stocks_iran_transactions	canonical	yes
inv_stocks_iran_transactions	instrument_id	RAW	Stocks	yes	inv_stocks_iran_transactions	canonical	yes
inv_stocks_iran_transactions	operation_id	RAW	Stocks	yes	inv_stocks_iran_transactions	canonical	yes
inv_stocks_iran_transactions	trade_date	RAW	Stocks	yes	inv_stocks_iran_transactions	canonical	yes
inv_stocks_iran_transactions	tx_type	RAW	Stocks	yes	inv_stocks_iran_transactions	canonical	yes
ln_loan_collateral	created_at	SYSTEM_INDEX	Loan	yes	ln_loan_collateral	canonical	yes
ln_loan_collateral	currency	RAW	Loan	yes	ln_loan_collateral	canonical	yes
ln_loan_collateral	description	RAW	Loan	yes	ln_loan_collateral	canonical	yes
ln_loan_collateral	id	RAW	Loan	yes	ln_loan_collateral	canonical	yes
ln_loan_collateral	loan_id	RAW	Loan	yes	ln_loan_collateral	canonical	yes
ln_loan_collateral	value	RAW	Loan	yes	ln_loan_collateral	canonical	yes
ln_loan_fee_tiers	calculation_base	RAW	Loan	yes	ln_loan_fee_tiers	canonical	yes
ln_loan_fee_tiers	created_at	SYSTEM_INDEX	Loan	yes	ln_loan_fee_tiers	canonical	yes
ln_loan_fee_tiers	day_count	RAW	Loan	yes	ln_loan_fee_tiers	canonical	yes
ln_loan_fee_tiers	effective_from	RAW	Loan	yes	ln_loan_fee_tiers	canonical	yes
ln_loan_fee_tiers	effective_to	RAW	Loan	yes	ln_loan_fee_tiers	canonical	yes
ln_loan_fee_tiers	fee_kind	RAW	Loan	yes	ln_loan_fee_tiers	canonical	yes
ln_loan_fee_tiers	id	RAW	Loan	yes	ln_loan_fee_tiers	canonical	yes
ln_loan_fee_tiers	is_percentage	RAW	Loan	yes	ln_loan_fee_tiers	canonical	yes
ln_loan_fee_tiers	loan_id	RAW	Loan	yes	ln_loan_fee_tiers	canonical	yes
ln_loan_fee_tiers	max_amount	RAW	Loan	yes	ln_loan_fee_tiers	canonical	yes
ln_loan_fee_tiers	min_amount	RAW	Loan	yes	ln_loan_fee_tiers	canonical	yes
ln_loan_fee_tiers	rate_or_amount	RAW	Loan	yes	ln_loan_fee_tiers	canonical	yes
ln_loan_fee_tiers	tier_order	RAW	Loan	yes	ln_loan_fee_tiers	canonical	yes
ln_loan_fees	amount_due	RAW	Loan	no	ln_loan_fees	canonical	yes
ln_loan_fees	amount_paid	RAW	Loan	no	ln_loan_fees	canonical	yes
ln_loan_fees	amount_waived	RAW	Loan	yes	ln_loan_fees	canonical	yes
ln_loan_fees	currency	RAW	Loan	yes	ln_loan_fees	canonical	yes
ln_loan_fees	fee_kind	RAW	Loan	yes	ln_loan_fees	canonical	yes
ln_loan_fees	fee_timing	RAW	Loan	yes	ln_loan_fees	canonical	yes
ln_loan_fees	id	RAW	Loan	yes	ln_loan_fees	canonical	yes
ln_loan_fees	loan_id	RAW	Loan	yes	ln_loan_fees	canonical	yes
ln_loans	account_id	REFERENCE	Loan	no	ln_loans	canonical	yes
ln_loans	account_transaction_id	REFERENCE	Loan	no	ln_loans	canonical	yes
ln_loans	calculated_installment	RAW	Loan	no	ln_loans	canonical	yes
ln_loans	calculation_method	RAW	Loan	no	ln_loans	canonical	yes
ln_loans	created_at	SYSTEM_INDEX	Loan	yes	ln_loans	canonical	yes
ln_loans	currency	RAW	Loan	no	ln_loans	canonical	yes
ln_loans	custom_interval_days	RAW	Loan	no	ln_loans	canonical	yes
ln_loans	day_count	RAW	Loan	no	ln_loans	canonical	yes
ln_loans	day_count_convention	RAW	Loan	no	ln_loans	canonical	yes
ln_loans	day_count_denominator	RAW	Loan	no	ln_loans	canonical	yes
ln_loans	direction	RAW	Loan	no	ln_loans	canonical	yes
ln_loans	disbursement_date	RAW	Loan	no	ln_loans	canonical	yes
ln_loans	end_date	RAW	Loan	no	ln_loans	canonical	yes
ln_loans	exchange_rate_to_base	DERIVED	Loan	no	ln_loans	canonical	yes
ln_loans	first_payment_date	RAW	Loan	no	ln_loans	canonical	yes
ln_loans	first_period_end_date	RAW	Loan	no	ln_loans	canonical	yes
ln_loans	fixed_installment_amount	DERIVED	Loan	no	ln_loans	canonical	yes
ln_loans	grace_end_date	RAW	Loan	no	ln_loans	canonical	yes
ln_loans	grace_interest_policy	RAW	Loan	no	ln_loans	canonical	yes
ln_loans	grace_mode	STATUS	Loan	no	ln_loans	canonical	yes
ln_loans	grace_period_unit	RAW	Loan	no	ln_loans	canonical	yes
ln_loans	grace_periods	RAW	Loan	no	ln_loans	canonical	yes
ln_loans	grace_start_date	RAW	Loan	no	ln_loans	canonical	yes
ln_loans	id	RAW	Loan	yes	ln_loans	canonical	yes
ln_loans	installment_frequency	RAW	Loan	no	ln_loans	canonical	yes
ln_loans	interest_rate	RAW	Loan	yes	ln_loans	canonical	yes
ln_loans	interest_rate_period	DERIVED	Loan	no	ln_loans	canonical	yes
ln_loans	interest_type	STATUS	Loan	no	ln_loans	canonical	yes
ln_loans	irregular_first_period	RAW	Loan	no	ln_loans	canonical	yes
ln_loans	loan_type	STATUS	Loan	no	ln_loans	canonical	yes
ln_loans	maturity_date	RAW	Loan	yes	ln_loans	canonical	yes
ln_loans	name	RAW	Loan	no	ln_loans	canonical	yes
ln_loans	notes	RAW	Loan	yes	ln_loans	canonical	yes
ln_loans	operation_id	RAW	Loan	no	ln_loans	canonical	yes
ln_loans	party_id	RAW	Loan	yes	ln_loans	canonical	yes
ln_loans	payment_holiday_calendar_id	REFERENCE	Loan	no	ln_loans	canonical	yes
ln_loans	penalty_basis	RAW	Loan	no	ln_loans	canonical	yes
ln_loans	penalty_rate	DERIVED	Loan	no	ln_loans	canonical	yes
ln_loans	principal	RAW	Loan	no	ln_loans	canonical	yes
ln_loans	recalculate_on_early_payment	RAW	Loan	no	ln_loans	canonical	yes
ln_loans	role	RAW	Loan	no	ln_loans	canonical	yes
ln_loans	schedule_engine_version	RAW	Loan	no	ln_loans	canonical	yes
ln_loans	start_date	RAW	Loan	yes	ln_loans	canonical	yes
ln_loans	status	RAW	Loan	yes	ln_loans	canonical	yes
ln_loans	total_installments	RAW	Loan	no	ln_loans	canonical	yes
ln_loans	updated_at	SYSTEM_INDEX	Loan	no	ln_loans	canonical	yes
ln_rate_history	annual_rate	RAW	Loan	yes	ln_rate_history	canonical	yes
ln_rate_history	created_at	SYSTEM_INDEX	Loan	yes	ln_rate_history	canonical	yes
ln_rate_history	effective_from	RAW	Loan	yes	ln_rate_history	canonical	yes
ln_rate_history	id	RAW	Loan	yes	ln_rate_history	canonical	yes
ln_rate_history	loan_id	RAW	Loan	yes	ln_rate_history	canonical	yes
ln_schedule_snapshots	effective_from	RAW	Loan	yes	ln_schedule_snapshots	canonical	yes
ln_schedule_snapshots	id	RAW	Loan	yes	ln_schedule_snapshots	canonical	yes
ln_schedule_snapshots	loan_id	RAW	Loan	yes	ln_schedule_snapshots	canonical	yes
ln_schedule_snapshots	operation_id	RAW	Loan	yes	ln_schedule_snapshots	canonical	yes
ln_schedule_snapshots	snapshot_json	SNAPSHOT	Loan	no	schedule engine	canonical	yes
ln_schedule_snapshots	version	RAW	Loan	no	ln_schedule_snapshots	canonical	yes
ln_transactions	amount	RAW	Loan	yes	ln_transactions	canonical	yes
ln_transactions	business_date	RAW	Loan	yes	ln_transactions	canonical	yes
ln_transactions	created_at	SYSTEM_INDEX	Loan	yes	ln_transactions	canonical	yes
ln_transactions	currency	RAW	Loan	yes	ln_transactions	canonical	yes
ln_transactions	exchange_rate_to_base	RAW	Loan	yes	ln_transactions	canonical	yes
ln_transactions	fee_portion	RAW	Loan	no	ln_transactions	canonical	yes
ln_transactions	id	RAW	Loan	yes	ln_transactions	canonical	yes
ln_transactions	interest_portion	RAW	Loan	no	ln_transactions	canonical	yes
ln_transactions	loan_id	RAW	Loan	yes	ln_transactions	canonical	yes
ln_transactions	operation_id	RAW	Loan	no	ln_transactions	canonical	yes
ln_transactions	payment_date	RAW	Loan	yes	ln_transactions	canonical	yes
ln_transactions	penalty_portion	RAW	Loan	no	ln_transactions	canonical	yes
ln_transactions	principal_portion	RAW	Loan	no	ln_transactions	canonical	yes
ln_transactions	reverses_transaction_id	RAW	Loan	no	ln_transactions	canonical	yes
ln_transactions	tx_type	RAW	Loan	yes	ln_transactions	canonical	yes
not_custom_reminders	created_at	SYSTEM_INDEX	Notification	yes	not_custom_reminders	canonical	yes
not_custom_reminders	due_at	RAW	Notification	yes	not_custom_reminders	canonical	yes
not_custom_reminders	id	RAW	Notification	yes	not_custom_reminders	canonical	yes
not_custom_reminders	is_active	RAW	Notification	yes	not_custom_reminders	canonical	yes
not_custom_reminders	recurrence	RAW	Notification	yes	not_custom_reminders	canonical	yes
not_custom_reminders	title	RAW	Notification	yes	not_custom_reminders	canonical	yes
not_notifications	body	RAW	Notification	yes	not_notifications	canonical	yes
not_notifications	category	RAW	Notification	yes	not_notifications	canonical	yes
not_notifications	created_at	SYSTEM_INDEX	Notification	yes	not_notifications	canonical	yes
not_notifications	dedupe_key	RAW	Notification	yes	not_notifications	canonical	yes
not_notifications	dismissed_at	RAW	Notification	yes	not_notifications	canonical	yes
not_notifications	id	RAW	Notification	yes	not_notifications	canonical	yes
not_notifications	is_read	RAW	Notification	yes	not_notifications	canonical	yes
not_notifications	snooze_until	RAW	Notification	yes	not_notifications	canonical	yes
not_notifications	title	RAW	Notification	yes	not_notifications	canonical	yes
not_settings	id	RAW	Notification	yes	not_settings	canonical	yes
not_settings	key	RAW	Notification	yes	not_settings	canonical	yes
not_settings	updated_at	SYSTEM_INDEX	Notification	yes	not_settings	canonical	yes
not_settings	value_json	RAW	Notification	yes	not_settings	canonical	yes
pa_assets	acquisition_cost	RAW	PhysicalAssets	yes	pa_assets	canonical	yes
pa_assets	asset_kind	RAW	PhysicalAssets	yes	pa_assets	canonical	yes
pa_assets	average_buy_price	DERIVED	PhysicalAssets	yes	pa_assets	canonical	yes
pa_assets	created_at	SYSTEM_INDEX	PhysicalAssets	yes	pa_assets	canonical	yes
pa_assets	currency	RAW	PhysicalAssets	yes	pa_assets	canonical	yes
pa_assets	depreciation_policy	RAW	PhysicalAssets	yes	pa_assets	canonical	yes
pa_assets	id	RAW	PhysicalAssets	yes	pa_assets	canonical	yes
pa_assets	is_disposed	RAW	PhysicalAssets	yes	pa_assets	canonical	yes
pa_assets	location	RAW	PhysicalAssets	yes	pa_assets	canonical	yes
pa_assets	model	RAW	PhysicalAssets	yes	pa_assets	canonical	yes
pa_assets	name	RAW	PhysicalAssets	yes	pa_assets	canonical	yes
pa_assets	owner	RAW	PhysicalAssets	yes	pa_assets	canonical	yes
pa_assets	purchase_date	RAW	PhysicalAssets	yes	pa_assets	canonical	yes
pa_assets	quantity	RAW	PhysicalAssets	yes	pa_assets	canonical	yes
pa_assets	serial_number	RAW	PhysicalAssets	yes	pa_assets	canonical	yes
pa_assets	source_feature	RAW	PhysicalAssets	yes	pa_assets	canonical	yes
pa_assets	source_operation_id	RAW	PhysicalAssets	yes	pa_assets	canonical	yes
pa_assets	updated_at	SYSTEM_INDEX	PhysicalAssets	yes	pa_assets	canonical	yes
pa_transactions	amount	RAW	PhysicalAssets	yes	pa_transactions	canonical	yes
pa_transactions	asset_id	RAW	PhysicalAssets	yes	pa_transactions	canonical	yes
pa_transactions	business_date	RAW	PhysicalAssets	yes	pa_transactions	canonical	yes
pa_transactions	created_at	SYSTEM_INDEX	PhysicalAssets	yes	pa_transactions	canonical	yes
pa_transactions	currency	RAW	PhysicalAssets	yes	pa_transactions	canonical	yes
pa_transactions	exchange_rate_to_base	RAW	PhysicalAssets	yes	pa_transactions	canonical	yes
pa_transactions	fee_amount	RAW	PhysicalAssets	yes	pa_transactions	canonical	yes
pa_transactions	id	RAW	PhysicalAssets	yes	pa_transactions	canonical	yes
pa_transactions	note	RAW	PhysicalAssets	yes	pa_transactions	canonical	yes
pa_transactions	operation_id	RAW	PhysicalAssets	yes	pa_transactions	canonical	yes
pa_transactions	quantity	RAW	PhysicalAssets	yes	pa_transactions	canonical	yes
pa_transactions	realized_gain_loss	RAW	PhysicalAssets	yes	pa_transactions	canonical	yes
pa_transactions	tx_type	RAW	PhysicalAssets	yes	pa_transactions	canonical	yes
pa_valuations	as_of	RAW	PhysicalAssets	yes	pa_valuations	canonical	yes
pa_valuations	asset_id	RAW	PhysicalAssets	yes	pa_valuations	canonical	yes
pa_valuations	created_at	SYSTEM_INDEX	PhysicalAssets	yes	pa_valuations	canonical	yes
pa_valuations	currency	RAW	PhysicalAssets	yes	pa_valuations	canonical	yes
pa_valuations	exchange_rate_to_base	RAW	PhysicalAssets	yes	pa_valuations	canonical	yes
pa_valuations	id	RAW	PhysicalAssets	yes	pa_valuations	canonical	yes
pa_valuations	note	RAW	PhysicalAssets	yes	pa_valuations	canonical	yes
pa_valuations	source	RAW	PhysicalAssets	yes	pa_valuations	canonical	yes
pa_valuations	value	RAW	PhysicalAssets	yes	pa_valuations	canonical	yes
port_settings	id	RAW	Portfolio	yes	port_settings	canonical	yes
port_settings	key	RAW	Portfolio	yes	port_settings	canonical	yes
port_settings	updated_at	SYSTEM_INDEX	Portfolio	yes	port_settings	canonical	yes
port_settings	value_json	RAW	Portfolio	yes	port_settings	canonical	yes
port_snapshots	as_of	RAW	Portfolio	yes	port_snapshots	canonical	yes
port_snapshots	created_at	SYSTEM_INDEX	Portfolio	yes	port_snapshots	canonical	yes
port_snapshots	id	RAW	Portfolio	yes	port_snapshots	canonical	yes
port_snapshots	payload_json	RAW	Portfolio	yes	port_snapshots	canonical	yes
price_history	created_at	SYSTEM_INDEX	Core	yes	price_history	canonical	yes
price_history	currency	RAW	Core	yes	price_history	canonical	yes
price_history	fetched_at	RAW	Core	yes	price_history	canonical	yes
price_history	id	RAW	Core	yes	price_history	canonical	yes
price_history	instrument_id	RAW	Price	no	price_history	canonical	yes
price_history	is_degraded	RAW	Core	yes	price_history	canonical	yes
price_history	is_manual	RAW	Core	yes	price_history	canonical	yes
price_history	is_stale	RAW	Core	yes	price_history	canonical	yes
price_history	market_date	RAW	Price	no	price_history	canonical	yes
price_history	price	RAW	Price	no	price_history	canonical	yes
price_history	provenance_json	RAW	Core	yes	price_history	canonical	yes
price_history	quote_basis	RAW	Core	yes	price_history	canonical	yes
price_history	quote_type	RAW	Price	no	price_history	canonical	yes
price_history	source_id	RAW	Core	yes	price_history	canonical	yes
price_sources	created_at	SYSTEM_INDEX	Core	yes	price_sources	canonical	yes
price_sources	id	RAW	Core	yes	price_sources	canonical	yes
price_sources	is_active	RAW	Core	yes	price_sources	canonical	yes
price_sources	kind	RAW	Core	yes	price_sources	canonical	yes
price_sources	name	RAW	Core	yes	price_sources	canonical	yes
price_sources	priority	RAW	Core	yes	price_sources	canonical	yes
price_sync_settings	enabled	RAW	Core	yes	price_sync_settings	canonical	yes
price_sync_settings	id	RAW	Core	yes	price_sync_settings	canonical	yes
price_sync_settings	interval_minutes	RAW	Core	yes	price_sync_settings	canonical	yes
price_sync_settings	source_id	RAW	Core	yes	price_sync_settings	canonical	yes
price_sync_settings	updated_at	SYSTEM_INDEX	Core	yes	price_sync_settings	canonical	yes
ref_instruments	asset_class	RAW	Core	no	ref_instruments	canonical	yes
ref_instruments	contract_address	RAW	Core	no	ref_instruments	canonical	yes
ref_instruments	cost_currency_default	RAW	Core	yes	ref_instruments	canonical	yes
ref_instruments	created_at	SYSTEM_INDEX	Core	yes	ref_instruments	canonical	yes
ref_instruments	id	RAW	Core	no	ref_instruments	canonical	yes
ref_instruments	is_active	RAW	Core	yes	ref_instruments	canonical	yes
ref_instruments	isin	RAW	Core	yes	ref_instruments	canonical	yes
ref_instruments	meta_json	RAW	Core	yes	ref_instruments	canonical	yes
ref_instruments	name	RAW	Core	yes	ref_instruments	canonical	yes
ref_instruments	network_identifier	RAW	Core	no	ref_instruments	canonical	yes
ref_instruments	symbol	LABEL	Core	yes	ref_instruments	canonical	yes
ref_instruments	updated_at	SYSTEM_INDEX	Core	yes	ref_instruments	canonical	yes
ref_integrity_queue	check_kind	RAW	Core	yes	ref_integrity_queue	canonical	yes
ref_integrity_queue	created_at	SYSTEM_INDEX	Core	yes	ref_integrity_queue	canonical	yes
ref_integrity_queue	finished_at	RAW	Core	yes	ref_integrity_queue	canonical	yes
ref_integrity_queue	id	RAW	Core	yes	ref_integrity_queue	canonical	yes
ref_integrity_queue	payload_json	RAW	Core	yes	ref_integrity_queue	canonical	yes
ref_integrity_queue	status	RAW	Core	yes	ref_integrity_queue	canonical	yes
ref_parties	created_at	SYSTEM_INDEX	Core	yes	ref_parties	canonical	yes
ref_parties	display_name	RAW	Core	yes	ref_parties	canonical	yes
ref_parties	id	RAW	Core	yes	ref_parties	canonical	yes
ref_parties	party_kind	RAW	Core	yes	ref_parties	canonical	yes
rpt_net_worth_snapshots	as_of	RAW	Reports	yes	rpt_net_worth_snapshots	canonical	yes
rpt_net_worth_snapshots	created_at	SYSTEM_INDEX	Reports	yes	rpt_net_worth_snapshots	canonical	yes
rpt_net_worth_snapshots	currency	RAW	Reports	yes	rpt_net_worth_snapshots	canonical	yes
rpt_net_worth_snapshots	id	RAW	Reports	yes	rpt_net_worth_snapshots	canonical	yes
rpt_net_worth_snapshots	net_worth	RAW	Reports	yes	rpt_net_worth_snapshots	canonical	yes
rpt_net_worth_snapshots	payload_json	RAW	Reports	yes	rpt_net_worth_snapshots	canonical	yes
rpt_net_worth_snapshots	total_assets	RAW	Reports	yes	rpt_net_worth_snapshots	canonical	yes
rpt_net_worth_snapshots	total_liabilities	RAW	Reports	yes	rpt_net_worth_snapshots	canonical	yes
rpt_presets	created_at	SYSTEM_INDEX	Reports	yes	rpt_presets	canonical	yes
rpt_presets	id	RAW	Reports	yes	rpt_presets	canonical	yes
rpt_presets	name	RAW	Reports	yes	rpt_presets	canonical	yes
rpt_presets	params_json	RAW	Reports	yes	rpt_presets	canonical	yes
rpt_presets	report_kind	RAW	Reports	yes	rpt_presets	canonical	yes
rpt_snapshots	as_of	RAW	Reports	yes	rpt_snapshots	canonical	yes
rpt_snapshots	calculation_context_hash	RAW	Reports	yes	rpt_snapshots	canonical	yes
rpt_snapshots	engine_versions	RAW	Reports	yes	rpt_snapshots	canonical	yes
rpt_snapshots	fx_as_of	RAW	Reports	yes	rpt_snapshots	canonical	yes
rpt_snapshots	id	RAW	Reports	yes	rpt_snapshots	canonical	yes
rpt_snapshots	ledger_watermark	RAW	Reports	yes	rpt_snapshots	canonical	yes
rpt_snapshots	payload_json	RAW	Reports	yes	rpt_snapshots	canonical	yes
rpt_snapshots	price_as_of	RAW	Reports	yes	rpt_snapshots	canonical	yes
rpt_snapshots	rebuilt_at	RAW	Reports	yes	rpt_snapshots	canonical	yes
rpt_snapshots	report_kind	RAW	Reports	yes	rpt_snapshots	canonical	yes
sec_access_log	created_at	SYSTEM_INDEX	Security	yes	sec_access_log	canonical	yes
sec_access_log	detail	RAW	Security	yes	sec_access_log	canonical	yes
sec_access_log	event_type	RAW	Security	yes	sec_access_log	canonical	yes
sec_access_log	id	RAW	Security	yes	sec_access_log	canonical	yes
sec_encryption_meta	created_at	SYSTEM_INDEX	Security	yes	sec_encryption_meta	canonical	yes
sec_encryption_meta	id	RAW	Security	yes	sec_encryption_meta	canonical	yes
sec_encryption_meta	scheme	RAW	Security	yes	sec_encryption_meta	canonical	yes
sec_session_logs	at	RAW	Security	yes	sec_session_logs	canonical	yes
sec_session_logs	detail	RAW	Security	yes	sec_session_logs	canonical	yes
sec_session_logs	event_type	RAW	Security	yes	sec_session_logs	canonical	yes
sec_session_logs	id	RAW	Security	yes	sec_session_logs	canonical	yes
sec_settings	id	RAW	Security	yes	sec_settings	canonical	yes
sec_settings	key	RAW	Security	yes	sec_settings	canonical	yes
sec_settings	updated_at	SYSTEM_INDEX	Security	yes	sec_settings	canonical	yes
sec_settings	value_json	RAW	Security	yes	sec_settings	canonical	yes
stg_backup_logs	backup_path	RAW	Settings	yes	stg_backup_logs	canonical	yes
stg_backup_logs	checksum	RAW	Settings	yes	stg_backup_logs	canonical	yes
stg_backup_logs	created_at	SYSTEM_INDEX	Settings	yes	stg_backup_logs	canonical	yes
stg_backup_logs	id	RAW	Settings	yes	stg_backup_logs	canonical	yes
stg_backup_logs	status	RAW	Settings	yes	stg_backup_logs	canonical	yes
stg_settings	id	RAW	Settings	yes	stg_settings	canonical	yes
stg_settings	key	RAW	Settings	yes	stg_settings	canonical	yes
stg_settings	updated_at	SYSTEM_INDEX	Settings	yes	stg_settings	canonical	yes
stg_settings	value_json	RAW	Settings	yes	stg_settings	canonical	yes
tax_categories	code	RAW	Tax	yes	tax_categories	canonical	yes
tax_categories	created_at	SYSTEM_INDEX	Tax	yes	tax_categories	canonical	yes
tax_categories	id	RAW	Tax	yes	tax_categories	canonical	yes
tax_categories	is_active	RAW	Tax	yes	tax_categories	canonical	yes
tax_categories	jurisdiction	RAW	Tax	yes	tax_categories	canonical	yes
tax_categories	name	RAW	Tax	yes	tax_categories	canonical	yes
tax_categories	policy_json	RAW	Tax	yes	tax_categories	canonical	yes
tax_categories	rule_version	RAW	Tax	yes	tax_categories	canonical	yes
tax_categories	updated_at	SYSTEM_INDEX	Tax	yes	tax_categories	canonical	yes
tax_events	adjustment_reason	RAW	Tax	yes	tax_events	canonical	yes
tax_events	amount	RAW	Tax	yes	tax_events	canonical	yes
tax_events	basis_amount	RAW	Tax	yes	tax_events	canonical	yes
tax_events	calendar_system	RAW	Tax	no	tax_events	canonical	yes
tax_events	created_at	SYSTEM_INDEX	Tax	yes	tax_events	canonical	yes
tax_events	currency	RAW	Tax	yes	tax_events	canonical	yes
tax_events	document_id	RAW	Tax	yes	tax_events	canonical	yes
tax_events	holding_period_days	RAW	Tax	yes	tax_events	canonical	yes
tax_events	id	RAW	Tax	yes	tax_events	canonical	yes
tax_events	is_deductible	RAW	Tax	yes	tax_events	canonical	yes
tax_events	is_manual_adjustment	RAW	Tax	yes	tax_events	canonical	yes
tax_events	jurisdiction	RAW	Tax	yes	tax_events	canonical	yes
tax_events	operation_id	RAW	Tax	yes	tax_events	canonical	yes
tax_events	period_end	RAW	Tax	no	tax_events	canonical	yes
tax_events	period_key	RAW	Tax	yes	tax_events	canonical	yes
tax_events	period_start	RAW	Tax	no	tax_events	canonical	yes
tax_events	rule_version	RAW	Tax	yes	tax_events	canonical	yes
tax_events	status	RAW	Tax	yes	tax_events	canonical	yes
tax_events	tax_kind	RAW	Tax	yes	tax_events	canonical	yes
tax_events	tax_year	RAW	Tax	no	tax_events	canonical	yes
tax_events	updated_at	SYSTEM_INDEX	Tax	yes	tax_events	canonical	yes
tax_records	amended_at	RAW	Tax	no	tax_records	canonical	yes
tax_records	amended_to	RAW	Tax	no	tax_records	canonical	yes
tax_records	created_at	SYSTEM_INDEX	Tax	yes	tax_records	canonical	yes
tax_records	filed_at	RAW	Tax	no	tax_records	canonical	yes
tax_records	id	RAW	Tax	yes	tax_records	canonical	yes
tax_records	jurisdiction	RAW	Tax	yes	tax_records	canonical	yes
tax_records	linked_tax_event_id	REFERENCE	Tax	no	tax_records	canonical	yes
tax_records	paid_at	RAW	Tax	no	tax_records	canonical	yes
tax_records	period_key	RAW	Tax	yes	tax_records	canonical	yes
tax_records	status	RAW	Tax	yes	tax_records	canonical	yes
tax_records	summary_json	RAW	Tax	yes	tax_records	canonical	yes
usr_settings	key	RAW	Settings	yes	usr_settings	canonical	yes
usr_settings	value	RAW	Settings	yes	usr_settings	canonical	yes
inv_stocks_iran_transactions	settlement_date	RAW	Stocks	no	inv_stocks_iran_transactions	canonical	yes
inv_stocks_iran_transactions	quantity	RAW	Stocks	no	inv_stocks_iran_transactions	canonical	yes
inv_stocks_iran_transactions	price	RAW	Stocks	no	inv_stocks_iran_transactions	canonical	yes
inv_stocks_iran_transactions	fee_amount	RAW	Stocks	no	inv_stocks_iran_transactions	canonical	yes
inv_stocks_iran_transactions	currency	RAW	Stocks	no	inv_stocks_iran_transactions	canonical	yes
inv_stocks_iran_transactions	account_id	RAW	Stocks	no	inv_stocks_iran_transactions	canonical	yes
inv_stocks_iran_transactions	created_at	SYSTEM_INDEX	Stocks	no	inv_stocks_iran_transactions	canonical	yes
fin_operations	source_channel	RAW	Core	no	fin_operations	canonical	yes
fin_operations	source_type	RAW	Core	no	fin_operations	canonical	yes
fin_operations	source_reference	RAW	Core	no	fin_operations	canonical	yes
tax_records	amount_due	RAW	Tax	no	tax_records	canonical	yes
tax_records	amount_paid	RAW	Tax	no	tax_records	canonical	yes
tax_records	currency	RAW	Tax	no	tax_records	canonical	yes
tax_records	due_date	RAW	Tax	no	tax_records	canonical	yes
tax_records	payment_operation_id	RAW	Tax	no	tax_records	canonical	yes
tax_records	updated_at	SYSTEM_INDEX	Tax	yes	tax_records	canonical	yes
inv_crypto_transactions	fee_funding_kind	RAW	Crypto	no	inv_crypto_transactions	canonical	yes
inv_crypto_transactions	from_address_id	RAW	Crypto	no	inv_crypto_transactions	canonical	yes
inv_crypto_transactions	to_address_id	RAW	Crypto	no	inv_crypto_transactions	canonical	yes
